,City,Cloudiness,Date,Humidity,Lat,Lng,Max Temp,Wind Speed,Country
0,saint-philippe,18,1589343093,53,-21.36,55.77,71.6,8.05,RE
1,nikolskoye,29,1589343093,86,59.7,30.79,35.6,6.71,RU
2,bredasdorp,40,1589343093,71,-34.53,20.04,57.2,10.29,ZA
3,kaitangata,0,1589343093,63,-46.28,169.85,55.99,1.99,NZ
4,oranjestad,40,1589342847,78,12.52,-70.03,80.06,26.55,AW
5,provideniya,100,1589343094,78,64.38,-173.3,35.6,2.24,RU
6,rikitea,0,1589343095,73,-23.12,-134.97,75.94,7.54,PF
7,jamestown,1,1589343095,69,42.1,-79.24,37.4,5.82,US
8,new norfolk,100,1589342940,97,6.65,-10.59,75.24,1.83,LR
9,punta arenas,100,1589343095,64,8.99,125.34,87.8,8.95,PH
10,port hedland,64,1589343095,68,-7.03,29.76,71.31,6.26,CD
11,yellowknife,20,1589342937,63,62.46,-114.35,28.4,19.46,CA
12,kapaa,20,1589343096,65,22.08,-159.32,75.99,1.99,US
13,torbay,90,1589343006,100,47.67,-52.73,43.0,4.7,CA
14,isla vista,14,1589343097,45,15.89,120.3,96.17,2.86,PH
15,along,80,1589343097,60,28.17,94.77,81.84,0.87,IN
16,mahebourg,40,1589343097,64,-20.41,57.7,71.6,6.93,MU
17,khatanga,89,1589343097,97,71.97,102.5,22.1,7.76,RU
18,barrow,1,1589343098,79,71.29,-156.79,23.0,29.97,US
19,hobart,40,1589342934,50,-42.88,147.33,54.0,11.41,AU
20,bambous virieux,40,1589343098,64,-20.26,57.41,72.0,6.93,MU
21,port lincoln,64,1589343099,68,-7.03,29.76,71.31,6.26,CD
22,moron,14,1589343076,93,-34.65,-58.62,54.0,2.08,AR
23,hilo,75,1589343099,61,19.73,-155.09,80.6,12.75,US
24,wamba,59,1589342976,80,8.93,8.6,76.53,2.39,NG
25,margate,42,1589343100,56,51.38,1.39,46.99,3.0,GB
26,bluff,10,1589343100,57,-46.6,168.33,51.64,3.29,NZ
27,georgetown,20,1589343100,70,5.41,100.34,87.8,6.93,MY
28,ushuaia,40,1589342844,60,-54.8,-68.3,33.91,4.09,AR
29,ketchikan,1,1589343017,44,55.34,-131.65,56.82,4.29,US
30,chuy,35,1589343101,87,-33.7,-53.46,55.54,7.05,UY
31,kirakira,90,1589343101,74,-10.45,161.92,84.36,12.26,SB
32,pangnirtung,98,1589343101,94,66.15,-65.71,30.65,4.61,CA
33,vardo,1,1589343102,69,70.37,31.11,32.0,5.82,NO
34,caucaia,0,1589343102,83,-3.74,-38.65,78.8,2.24,BR
35,portland,100,1589342878,87,45.52,-122.68,55.99,9.84,US
36,finschhafen,100,1589343102,80,-6.6,147.87,80.64,6.71,PG
37,mataura,0,1589343103,63,-46.19,168.86,52.12,1.63,NZ
38,longyearbyen,90,1589343104,79,78.22,15.64,30.94,11.52,SJ
39,clyde river,14,1589343104,46,41.3,-82.98,46.0,4.88,US
40,namibe,8,1589343104,56,-15.2,12.15,74.82,7.56,AO
41,tuatapere,2,1589343105,57,-46.13,167.68,53.89,1.36,NZ
42,bira,55,1589343105,35,49.0,132.47,58.82,10.13,RU
43,katsuura,20,1589343105,50,35.13,140.3,82.99,11.41,JP
44,busselton,99,1589343106,36,-33.65,115.33,71.01,5.26,AU
45,port alfred,64,1589343095,68,-7.03,29.76,71.31,6.26,CD
46,hermanus,74,1589343106,76,-34.42,19.23,57.99,1.99,ZA
47,butaritari,64,1589343107,79,3.07,172.79,82.85,20.22,KI
48,liling,61,1589343107,37,27.67,113.5,83.28,5.5,CN
49,cairns,90,1589343107,78,-16.92,145.77,73.4,13.87,AU
50,las vegas,78,1589343108,75,49.74,19.43,33.01,10.0,PL
51,severo-kurilsk,71,1589343108,65,50.68,156.12,44.02,8.75,RU
52,krasnyy chikoy,0,1589343108,85,54.57,31.43,35.74,10.92,RU
53,bur gabo,45,1589343108,91,56.37,8.43,30.99,4.16,DK
54,kampot,40,1589343109,62,10.62,104.18,87.8,4.7,KH
55,atuona,18,1589343109,73,-9.8,-139.03,80.78,17.87,PF
56,qaanaaq,100,1589343109,85,77.48,-69.36,30.02,7.09,GL
57,kysyl-syr,100,1589343109,88,63.9,122.76,34.21,7.34,RU
58,vina del mar,72,1589343110,84,43.18,17.38,55.58,5.12,HR
59,thompson,20,1589343110,28,55.74,-97.86,42.8,5.82,CA
60,hithadhoo,100,1589343110,76,-0.6,73.08,84.69,10.13,MV
61,saldanha,64,1589343111,87,-33.01,17.94,50.0,1.12,ZA
62,bowen,13,1589343111,61,-20.02,148.23,79.0,5.01,AU
63,fare,100,1589343111,76,-16.7,-151.02,82.27,14.88,PF
64,tuktoyaktuk,75,1589343111,85,69.45,-133.04,17.6,17.22,CA
65,mujiayingzi,62,1589343112,16,42.12,118.78,78.53,15.23,CN
66,maniitsoq,100,1589343112,92,65.42,-52.9,38.98,9.44,GL
67,tiksi,98,1589343112,98,71.69,128.87,31.51,6.62,RU
68,cidreira,100,1589343112,94,-30.18,-50.21,66.02,10.33,BR
69,noumea,90,1589343113,60,-22.28,166.46,78.8,9.17,NC
70,toba,0,1589343113,66,34.48,136.85,71.01,7.0,JP
71,labuhan,16,1589343113,70,-6.88,112.21,86.0,7.36,ID
72,vostok,65,1589343114,49,46.49,135.88,49.62,12.71,RU
73,lompoc,75,1589342848,93,34.64,-120.46,57.0,9.17,US
74,vaini,75,1589343114,78,-21.2,-175.2,76.53,6.78,TO
75,kodiak,75,1589343115,62,57.79,-152.41,47.77,3.31,US
76,tingi,2,1589343115,91,-11.3,35.03,58.93,1.74,TZ
77,andra,69,1589343115,66,62.51,65.89,70.47,10.69,RU
78,ganzhou,100,1589343115,39,28.82,115.43,81.12,5.01,CN
79,port macquarie,64,1589343116,68,-7.03,29.76,71.31,6.26,CD
80,aksu,21,1589343116,19,41.12,80.26,78.51,8.84,CN
81,sergach,100,1589343117,83,55.53,45.47,57.72,13.49,RU
82,hasaki,20,1589343117,34,35.73,140.83,88.0,8.05,JP
83,xiuyan,0,1589343117,23,40.29,123.27,78.08,5.14,CN
84,rio gallegos,0,1589343118,93,38.3,21.78,53.6,1.9,GR
85,lagoa,57,1589343118,66,39.05,-27.98,57.4,28.34,PT
86,albany,53,1589343118,58,42.6,-73.97,37.99,10.04,US
87,codrington,45,1589343119,58,-38.27,141.97,54.97,9.75,AU
88,chapais,75,1589343119,58,49.78,-74.85,26.6,2.24,CA
89,yulara,0,1589343119,18,-25.24,130.99,71.69,11.95,AU
90,coihaique,40,1589343120,81,-45.58,-72.07,35.6,6.93,CL
91,sao filipe,0,1589343120,25,20.51,76.21,92.64,9.42,IN
92,chokurdakh,100,1589343120,100,70.63,147.92,32.97,5.03,RU
93,faya,0,1589343120,52,18.39,42.45,70.54,0.65,SA
94,aklavik,75,1589343121,73,68.22,-135.01,24.8,11.41,CA
95,dasoguz,100,1589343121,63,41.84,59.97,62.6,4.7,TM
96,touros,20,1589343121,94,-5.2,-35.46,76.3,7.74,BR
97,port elizabeth,64,1589343099,68,-7.03,29.76,71.31,6.26,CD
98,zemio,100,1589343122,96,5.03,25.14,69.71,3.13,CF
99,kavieng,100,1589343123,80,-2.57,150.8,81.84,9.04,PG
100,wewak,87,1589343123,72,-3.55,143.63,84.47,4.45,PG
101,ampanihy,1,1589343123,84,-24.7,44.75,63.77,4.9,MG
102,weligama,100,1589342945,71,5.97,80.42,84.27,3.87,LK
103,cape town,22,1589343124,87,-36.41,-71.9,45.73,5.28,CL
104,erzin,10,1589343124,91,36.96,36.2,63.0,0.89,TR
105,yar-sale,100,1589343125,99,66.83,70.83,35.38,5.53,RU
106,ust-nera,99,1589343125,71,64.57,143.2,40.26,5.3,RU
107,aitape,48,1589343125,73,-3.14,142.35,85.14,4.63,PG
108,marienburg,100,1589343126,100,54.04,19.03,41.0,11.59,PL
109,ahuimanu,90,1589343127,61,21.44,-157.84,75.2,8.05,US
110,srikakulam,0,1589343127,43,18.3,83.9,92.16,9.04,IN
111,mitsamiouli,100,1589343127,72,-11.38,43.28,81.01,7.61,KM
112,klaksvik,99,1589343128,64,62.23,-6.59,33.8,9.17,FO
113,kahului,40,1589343129,61,20.89,-156.47,73.99,8.01,US
114,stornoway,75,1589343129,78,58.21,-6.39,37.0,4.7,GB
115,ambalavao,39,1589343130,88,-21.83,46.93,61.27,1.28,MG
116,carnarvon,31,1589342994,27,-24.87,113.63,84.18,11.07,AU
117,malakal,53,1589343130,57,9.53,31.66,83.84,5.5,SS
118,mar del plata,90,1589343131,87,43.4,-4.01,55.4,1.12,ES
119,nishihara,75,1589343131,51,26.18,127.76,80.01,18.34,JP
120,cabo san lucas,40,1589343131,94,-8.28,-35.03,76.62,4.36,BR
121,salcedo,100,1589343132,61,12.81,121.47,89.91,10.56,PH
122,san pedro,100,1589343132,38,13.3,-4.9,88.09,3.98,ML
123,turbat,58,1589343133,60,26.0,63.04,84.97,3.71,PK
124,ibra,0,1589343133,53,22.69,58.53,84.67,1.9,OM
125,victoria,44,1589343046,84,22.29,114.16,82.99,15.01,HK
126,port blair,64,1589343095,68,-7.03,29.76,71.31,6.26,CD
127,bayji,0,1589343135,23,34.93,43.49,77.38,5.57,IQ
128,mwinilunga,68,1589343135,76,-11.74,24.43,58.1,3.58,ZM
129,lago da pedra,100,1589343136,98,8.27,-12.15,75.56,2.17,SL
130,dikson,39,1589343137,93,73.51,80.55,28.09,9.1,RU
131,faanui,98,1589343137,77,-16.48,-151.75,81.36,13.11,PF
132,krasnoselkup,100,1589343138,95,65.7,82.47,36.48,16.55,RU
133,bengkulu,30,1589343138,59,-3.8,102.27,88.21,5.03,ID
134,salalah,0,1589343138,79,17.02,54.09,91.51,6.29,OM
135,tasiilaq,0,1589343139,95,65.61,-37.64,32.0,8.05,GL
136,high level,20,1589343139,93,33.61,-95.75,63.0,5.97,US
137,kushima,100,1589343140,47,31.46,131.23,71.01,15.01,JP
138,norman wells,90,1589343140,100,35.22,-97.44,53.01,11.05,US
139,vila velha,18,1589343140,93,42.03,-8.16,57.0,5.82,PT
140,caravelas,7,1589343140,84,-17.71,-39.25,72.28,4.54,BR
141,borba,59,1589343141,96,-4.39,-59.59,74.97,1.12,BR
142,bathsheba,40,1589343141,74,13.22,-59.52,78.91,17.9,BB
143,pedernales,38,1589343141,71,18.04,-71.74,78.55,1.88,DO
144,taoudenni,0,1589343142,14,22.68,-3.98,85.71,16.22,ML
145,lagos,20,1589342858,88,6.58,3.75,80.62,4.05,NG
146,luderitz,74,1589343142,59,-26.65,15.16,63.09,14.25,NA
147,kousseri,0,1589343143,46,12.08,15.03,89.6,10.29,CM
148,mishan,75,1589343143,40,45.55,131.88,57.04,18.03,CN
149,senanga,0,1589343143,47,-16.12,23.27,55.18,3.13,ZM
150,airai,99,1589343144,76,-8.93,125.41,71.37,4.68,TL
151,puerto escondido,6,1589343144,67,36.59,-6.23,62.6,8.05,ES
152,alyangula,75,1589343144,66,-13.85,136.42,81.39,11.77,AU
153,comodoro rivadavia,24,1589343145,97,-13.66,-59.79,68.43,3.71,BR
154,pundaguitan,32,1589343145,73,6.37,126.17,84.58,3.02,PH
155,narrabri,93,1589342960,49,-30.32,149.78,66.0,6.38,AU
156,kihei,40,1589343145,61,20.79,-156.47,73.99,8.01,US
157,calvinia,15,1589343145,93,-31.47,19.78,46.45,3.87,ZA
158,puerto ayora,6,1589343146,67,36.59,-6.23,62.6,8.05,ES
159,pevek,64,1589343130,92,69.7,170.31,33.57,6.11,RU
160,saskylakh,99,1589343146,98,71.92,114.08,30.85,10.92,RU
161,lebu,62,1589343147,82,-37.62,-73.65,51.26,8.16,CL
162,antakya,3,1589343147,76,36.21,36.16,57.2,4.7,TR
163,nam tha,99,1589343147,42,29.42,90.91,52.25,3.69,CN
164,fernie,90,1589343148,61,49.5,-115.07,48.2,9.17,CA
165,aljezur,26,1589343148,99,37.32,-8.8,59.0,7.67,PT
166,zhezkazgan,75,1589343148,82,47.8,67.71,62.6,11.18,KZ
167,tongchuan,100,1589343148,39,35.08,109.09,66.49,13.49,CN
168,mount isa,90,1589343149,90,53.66,-1.85,39.99,1.01,GB
169,savonlinna,0,1589343150,74,61.87,28.88,33.8,1.12,FI
170,taicheng,28,1589343151,19,38.73,113.23,75.54,7.7,CN
171,sioux lookout,90,1589343151,37,42.73,-96.23,53.01,5.82,US
172,jiuquan,100,1589343152,18,39.74,98.52,72.43,14.09,CN
173,lorengau,85,1589343152,74,-2.02,147.27,84.56,10.78,PG
174,machacamarca,7,1589343152,66,-18.17,-67.03,39.0,6.15,BO
175,senador jose porfirio,97,1589343152,88,18.82,-71.9,74.35,1.97,HT
176,jiangyou,44,1589343152,37,31.77,104.72,76.21,4.43,CN
177,savalou,4,1589343153,86,7.93,1.98,76.26,3.62,BJ
178,ponta do sol,78,1589343153,74,38.73,-28.27,53.69,25.52,PT
179,east london,75,1589343153,74,65.0,-15.0,32.0,4.7,IS
180,amalapuram,40,1589343154,66,16.58,82.02,94.24,4.85,IN
181,nanortalik,100,1589343154,82,60.14,-45.24,40.51,4.83,GL
182,rypefjord,40,1589343154,92,70.63,23.67,32.0,24.16,NO
183,lukovetskiy,90,1589343155,97,64.3,41.92,33.8,11.18,RU
184,santa luzia,14,1589343030,53,17.49,120.43,91.9,8.48,PH
185,castro,62,1589343155,94,-24.79,-50.01,57.61,4.56,BR
186,neryungri,100,1589343156,62,56.67,124.65,42.1,8.93,RU
187,namatanai,29,1589343156,73,-3.67,152.43,84.72,9.24,PG
188,mys shmidta,3,1589343157,73,62.06,48.62,58.8,7.34,RU
189,goundam,98,1589343157,26,16.41,-3.67,93.13,17.22,ML
190,vila do maio,18,1589343157,93,42.03,-8.16,57.0,5.82,PT
191,mezhdurechensk,0,1589343158,37,53.69,88.06,80.08,0.58,RU
192,sao sebastiao,0,1589343120,25,20.51,76.21,92.64,9.42,IN
193,bow island,1,1589343159,48,43.13,-71.55,39.2,8.05,US
194,chifeng,49,1589342939,15,42.27,118.96,80.58,15.64,CN
195,cayenne,90,1589343159,100,4.93,-52.33,77.0,13.71,GF
196,leningradskiy,98,1589343159,98,69.38,178.42,31.66,8.39,RU
197,ilulissat,100,1589343160,74,69.22,-51.1,35.6,8.05,GL
198,alice springs,90,1589343160,74,27.75,-98.07,78.8,12.75,US
199,arraial do cabo,53,1589343160,55,-22.84,-46.65,56.05,5.17,BR
200,arlit,0,1589343161,14,18.74,7.39,79.93,6.82,NE
201,constitucion,0,1589343161,65,-35.33,-72.42,52.36,6.46,CL
202,ribeira grande,75,1589343161,100,42.75,-8.44,52.0,5.82,ES
203,tieling,10,1589343149,20,42.29,123.84,73.67,8.19,CN
204,mangaratiba,0,1589343162,93,-22.96,-44.04,68.4,6.26,BR
205,turka,41,1589343164,76,49.15,23.03,30.0,1.01,UA
206,sinnamary,100,1589343164,90,5.38,-52.95,77.67,12.84,GF
207,bom jesus,97,1589343164,34,14.95,-2.93,88.34,5.53,ML
208,hofn,0,1589343165,66,64.25,-15.21,41.92,11.36,IS
209,choix,0,1589343166,25,26.71,-108.32,76.84,2.26,MX
210,sinjai,91,1589342924,73,-5.12,120.25,85.01,6.67,ID
211,duobao,87,1589343167,39,30.67,112.69,79.18,7.25,CN
212,palmer,40,1589342883,38,42.16,-72.33,43.0,3.0,US
213,enumclaw,100,1589343167,90,47.2,-121.99,55.0,3.36,US
214,buchanan,86,1589343167,84,5.88,-10.05,79.25,1.9,LR
215,sterling,40,1589343168,42,39.01,-77.43,48.99,5.82,US
216,batangafo,100,1589343168,83,7.3,18.28,75.65,3.6,CF
217,nchelenge,84,1589343168,75,-9.35,28.73,65.3,5.75,ZM
218,villamontes,41,1589343169,73,-21.25,-63.5,61.68,3.67,BO
219,port shepstone,64,1589343116,68,-7.03,29.76,71.31,6.26,CD
220,ialibu,94,1589343170,92,-6.28,143.99,66.97,1.9,PG
221,colquiri,39,1589343170,78,-17.42,-67.13,31.91,3.83,BO
222,okitipupa,100,1589343171,97,6.5,4.78,76.3,0.74,NG
223,parga,0,1589343171,93,39.28,20.4,57.2,4.7,GR
224,rosetown,100,1589343171,43,51.55,-108.0,48.99,8.01,CA
225,paamiut,100,1589343171,90,61.99,-49.67,40.28,6.38,GL
226,mapiripan,100,1589343172,91,2.89,-72.13,74.68,0.89,CO
227,mushie,14,1589343172,96,-3.02,16.9,70.18,2.24,CD
228,santa marta,14,1589343092,53,17.49,120.43,91.9,8.48,PH
229,grand river south east,1,1589343173,11,38.88,-109.5,73.4,16.11,US
230,bluefields,88,1589343173,87,12.01,-83.76,79.16,5.41,NI
231,calabozo,88,1589343173,52,8.92,-67.43,86.05,10.56,VE
232,betul,53,1589343105,22,21.92,77.9,94.19,7.85,IN
233,marysville,75,1589343174,67,48.05,-122.18,59.0,9.17,US
234,samsun,0,1589343174,76,41.25,36.33,57.2,2.24,TR
235,port augusta,64,1589343099,68,-7.03,29.76,71.31,6.26,CD
236,kahama,87,1589343175,96,-3.83,32.6,61.88,1.72,TZ
237,upernavik,97,1589342926,84,72.79,-56.15,35.38,10.45,GL
238,aleksandrov gay,100,1589343176,89,56.4,38.71,35.24,16.13,RU
239,hualmay,28,1589343176,86,-11.1,-77.61,66.38,7.34,PE
240,tucurui,43,1589343176,93,-3.77,-49.67,75.02,3.4,BR
241,buala,73,1589343176,71,-8.14,159.59,85.32,7.23,SB
242,avarua,2,1589343177,88,-21.21,-159.78,82.4,5.82,CK
243,laguna,20,1589343177,62,38.42,-121.42,61.0,4.0,US
244,sao joao da barra,0,1589342923,25,20.51,76.21,92.64,9.42,IN
245,gladstone,40,1589343178,50,-23.85,151.25,77.0,14.99,AU
246,pochutla,21,1589343178,71,15.74,-96.47,82.35,3.74,MX
247,palana,83,1589343178,97,59.12,159.97,32.34,2.8,RU
248,leshukonskoye,100,1589343178,95,64.9,45.76,40.42,5.95,RU
249,palu,96,1589343179,53,-0.89,119.87,91.67,2.71,ID
250,maldonado,0,1589343179,93,-34.67,-54.92,46.0,0.94,UY
251,salinopolis,98,1589343180,85,-0.61,-47.36,80.17,11.61,BR
252,nigran,31,1589343180,93,42.14,-8.81,57.0,5.82,ES
253,jardim,84,1589343180,97,-21.48,-56.14,70.32,3.13,BR
254,manbij,0,1589343181,76,36.53,37.95,55.4,1.12,SY
255,dakar,59,1589343049,88,14.69,-17.44,69.8,16.11,SN
256,vanavara,66,1589343182,57,60.34,102.28,42.93,9.95,RU
257,vao,36,1589343182,69,-22.67,167.48,71.08,19.91,NC
258,dunedin,0,1589342936,70,-45.87,170.5,57.99,1.01,NZ
259,xiamen,0,1589342985,51,24.48,118.08,79.29,15.48,CN
260,ostrovnoy,89,1589343183,83,68.05,39.51,34.48,6.44,RU
261,yichun,0,1589343183,35,47.7,128.9,57.18,11.43,CN
262,yumen,100,1589343184,18,40.28,97.2,72.84,18.43,CN
263,muli,100,1589343184,77,2.92,73.57,84.56,8.52,MV
264,maua,58,1589343184,59,-23.67,-46.46,64.99,1.01,BR
265,cherskiy,0,1589343185,55,68.75,161.3,46.0,3.53,RU
266,ancud,75,1589343185,93,-41.87,-73.82,48.99,3.98,CL
267,daru,53,1589343186,72,-9.08,143.21,82.63,15.77,PG
268,jasper,90,1589343186,93,37.2,-94.35,48.2,5.82,US
269,hami,91,1589343187,13,42.8,93.45,82.78,8.05,CN
270,codo,13,1589343187,93,-4.46,-43.89,73.8,1.52,BR
271,virginia beach,75,1589343157,71,37.55,-77.45,50.0,3.13,US
272,brae,49,1589342891,80,60.4,-1.35,35.6,17.22,GB
273,lavrentiya,99,1589343188,95,65.58,-171.0,33.26,4.16,RU
274,ust-ishim,42,1589343188,39,57.69,71.17,79.23,5.01,RU
275,hobyo,100,1589343188,68,5.35,48.53,84.85,10.51,SO
276,ouro preto do oeste,100,1589343189,93,-27.34,-51.61,61.84,3.91,BR
277,plyussa,0,1589343189,79,58.43,29.37,37.38,5.44,RU
278,xining,59,1589343190,28,36.62,101.77,62.58,18.01,CN
279,imbituba,100,1589343190,94,-28.24,-48.67,66.51,2.46,BR
280,ambilobe,100,1589343191,82,-13.2,49.05,72.57,3.4,MG
281,villa bruzual,75,1589343191,93,46.2,10.13,53.01,6.93,IT
282,padang,95,1589343191,58,-0.95,100.35,88.3,3.42,ID
283,ishigaki,20,1589343192,65,24.34,124.16,76.08,19.84,JP
284,new castle,100,1589342940,97,6.65,-10.59,75.24,1.83,LR
285,souillac,40,1589343192,64,-20.52,57.52,71.6,6.93,MU
286,gonzales,90,1589342939,89,30.24,-90.92,71.01,8.05,US
287,mweka,92,1589343193,98,-4.85,21.57,68.63,0.45,CD
288,timbiqui,99,1589343193,91,2.77,-77.67,76.15,2.53,CO
289,conde,36,1589343193,94,-7.26,-34.91,75.36,6.02,BR
290,beyneu,0,1589343194,46,45.32,55.2,63.93,10.02,KZ
291,nioro,15,1589343194,52,13.35,-15.75,75.54,4.5,GM
292,wichita,90,1589342754,93,37.69,-97.34,48.99,11.41,US
293,kirovskiy,56,1589343194,48,45.09,133.51,55.45,15.28,RU
294,ekhabi,100,1589343195,88,53.51,142.97,39.58,20.89,RU
295,micheweni,100,1589343196,86,-4.97,39.83,78.84,10.2,TZ
296,dehloran,0,1589343196,18,32.69,47.27,80.83,7.49,IR
297,zafra,0,1589343196,91,38.42,-6.42,52.0,8.01,ES
298,mount gambier,90,1589343197,90,53.66,-1.85,39.99,1.01,GB
299,price,1,1589343197,18,39.6,-110.81,63.0,3.0,US
300,dzhebariki-khaya,100,1589343198,74,62.22,135.8,45.19,7.61,RU
301,alofi,90,1589343199,88,-19.06,-169.92,80.4,7.99,NU
302,sibiti,93,1589343200,100,-3.68,13.35,68.94,0.67,CG
303,thongwa,20,1589343200,53,16.76,96.53,93.2,2.24,MM
304,srednekolymsk,0,1589343200,55,67.45,153.68,50.16,4.68,RU
305,gouyave,75,1589343201,74,12.16,-61.73,79.38,21.43,GD
306,hovd,99,1589343201,30,48.01,91.64,63.88,9.4,MN
307,lanzhou,100,1589343172,41,36.06,103.79,65.1,8.9,CN
308,uvalde,1,1589343201,88,29.37,-99.77,71.6,12.75,US
309,tomatlan,0,1589343202,74,19.93,-105.25,71.94,1.28,MX
310,clifton,40,1589343202,39,40.86,-74.16,53.01,10.29,US
311,guerrero negro,28,1589343202,40,17.67,-100.0,73.58,7.56,MX
312,taos,1,1589343203,28,36.41,-105.57,60.8,8.05,US
313,riyadh,3,1589343203,25,24.69,46.72,81.88,9.57,SA
314,ulladulla,94,1589343203,32,-35.35,150.47,64.99,6.55,AU
315,horki,0,1589343203,86,54.29,30.98,35.35,10.89,BY
316,kutum,86,1589343204,16,14.2,24.67,74.53,9.89,SD
317,ponta delgada,78,1589343153,74,38.73,-28.27,53.69,25.52,PT
318,sibolga,96,1589342959,56,1.74,98.78,88.38,3.62,ID
319,iqaluit,75,1589343204,79,63.75,-68.51,26.6,17.22,CA
320,doha,0,1589343205,35,25.29,51.53,84.99,11.41,QA
321,yanam,40,1589343205,66,16.73,82.22,94.28,4.85,IN
322,mastic beach,90,1589343205,42,40.8,-72.84,51.01,8.05,US
323,saint-augustin,100,1589343206,95,51.23,-58.65,35.78,18.54,CA
324,matara,100,1589343206,70,5.95,80.54,84.51,3.78,LK
325,parabel,71,1589343206,43,58.7,81.48,76.32,9.69,RU
326,beringovskiy,60,1589343207,90,63.05,179.32,35.04,11.18,RU
327,rosetta,73,1589343207,82,31.4,30.42,62.6,4.97,EG
328,itamarandiba,24,1589343207,98,-17.86,-42.86,57.88,1.74,BR
329,ayer itam,97,1589343207,94,43.12,-5.58,51.01,0.49,ES
330,sitangkai,100,1589343207,71,4.66,119.39,84.51,0.67,PH
331,asfi,24,1589343208,82,32.3,-9.24,63.54,8.57,MA
332,teguldet,100,1589343208,37,57.31,88.17,73.38,4.05,RU
333,razdolinsk,98,1589343208,47,58.42,94.67,52.9,6.46,RU
334,lecce,5,1589343209,93,40.22,18.17,53.6,6.69,IT
335,pinyug,0,1589343209,68,60.25,47.78,59.4,10.78,RU
336,baykit,6,1589343209,49,61.67,96.37,48.2,6.26,RU
337,hamilton,1,1589343187,81,39.18,-84.53,48.0,3.04,US
338,dali,38,1589343210,34,25.7,100.18,74.32,9.22,CN
339,pokhara,37,1589343210,36,28.23,83.98,82.74,4.45,NP
340,nakamura,0,1589343211,34,32.98,132.93,73.15,9.24,JP
341,birao,42,1589343211,55,10.28,22.79,79.41,4.97,CF
342,labuan,75,1589343057,74,5.28,115.24,87.01,1.99,MY
343,gold coast,1,1589343211,87,35.79,-81.76,48.0,2.42,US
344,skibbereen,20,1589343212,80,51.55,-9.27,41.0,11.41,IE
345,ucluelet,100,1589343212,89,48.93,-125.55,55.0,1.01,CA
346,broome,75,1589343212,92,42.25,-75.83,30.2,4.7,US
347,ust-barguzin,100,1589343213,77,53.45,108.98,45.82,14.09,RU
348,port hardy,64,1589343099,68,-7.03,29.76,71.31,6.26,CD
349,westport,90,1589343214,31,41.14,-73.36,50.0,5.82,US
350,karratha,0,1589343214,19,-20.74,116.85,87.57,18.52,AU
351,ingham,1,1589343215,32,42.6,-84.38,42.8,3.36,US
352,never,100,1589343215,70,46.99,3.16,46.4,12.75,FR
353,usogorsk,0,1589343217,67,63.41,48.69,59.2,9.89,RU
354,ilo,86,1589343217,80,-17.64,-71.34,65.14,5.35,PE
355,tooele,90,1589343185,42,40.53,-112.3,69.8,5.82,US
356,codajas,100,1589343218,95,-3.84,-62.06,75.09,1.5,BR
357,craig,1,1589343218,21,40.52,-107.55,62.6,12.75,US
358,ostersund,38,1589343219,80,63.18,14.64,30.2,13.87,SE
359,taltal,3,1589343219,76,-25.4,-70.48,56.84,1.1,CL
360,matagami,1,1589342943,73,49.75,-77.63,24.8,2.24,CA
361,dhidhdhoo,72,1589343220,72,6.88,73.1,85.86,10.13,MV
362,honiara,75,1589343221,62,-9.43,159.95,86.31,3.06,SB
363,krasnoarmeysk,99,1589343221,62,51.02,45.7,61.0,8.01,RU
364,matay,100,1589343221,28,28.42,30.78,74.97,12.88,EG
365,chattanooga,75,1589343070,71,35.05,-85.31,57.2,4.12,US
366,kyshtovka,0,1589343222,29,56.55,76.63,82.11,1.97,RU
367,atar,0,1589342938,24,20.52,-13.05,73.9,9.19,MR
368,lulea,0,1589343222,83,65.58,22.15,32.0,1.12,SE
369,boa vista,100,1589343223,81,4.43,8.97,76.06,2.06,CM
370,novoomskiy,0,1589343223,31,54.84,73.3,71.6,2.24,RU
371,warri,100,1589343223,94,5.52,5.75,76.15,3.29,NG
372,galle,100,1589343224,72,6.04,80.22,83.89,4.63,LK
373,camacha,40,1589343224,93,33.08,-16.33,59.0,13.87,PT
374,kon tum,40,1589343225,94,5.22,-3.39,80.6,3.36,CI
375,biak,41,1589343225,69,-0.91,122.88,85.15,6.58,ID
376,goderich,0,1589342949,80,43.75,-81.72,37.0,5.06,CA
377,dicabisagan,59,1589343226,59,17.08,122.42,88.83,5.57,PH
378,wexford,4,1589343226,81,52.33,-6.46,42.01,5.01,IE
379,coquimbo,28,1589343226,87,-29.95,-71.34,52.59,1.39,CL
380,acarau,5,1589343227,85,-2.89,-40.12,76.78,8.37,BR
381,kenai,40,1589343227,40,60.55,-151.26,48.0,6.02,US
382,saint-louis,14,1589343227,30,16.33,-15.0,86.0,2.24,SN
383,sitka,1,1589343228,63,57.05,-135.33,58.89,2.62,US
384,dubbo,64,1589343133,48,-32.25,148.62,64.4,3.36,AU
385,sao jose da coroa grande,0,1589343228,25,20.51,76.21,92.64,9.42,IN
386,andenes,100,1589343228,87,69.31,16.12,32.0,14.99,NO
387,kargopol,100,1589343229,98,61.51,38.95,31.82,12.15,RU
388,dalbandin,0,1589343229,37,28.89,64.41,85.89,7.31,PK
389,north myrtle beach,36,1589343186,86,50.33,3.67,39.2,1.12,FR
390,bellevue,90,1589343230,82,47.61,-122.2,57.99,10.29,US
391,bethel,90,1589343230,33,41.37,-73.41,46.4,11.41,US
392,oranjemund,54,1589343231,91,-28.55,16.43,56.03,6.91,NA
393,fairbanks,90,1589343032,71,64.84,-147.72,54.0,4.09,US
394,flin flon,99,1589343231,81,48.5,6.66,42.8,4.7,FR
395,lae,75,1589343232,69,-6.72,146.98,82.38,7.47,PG
396,old saybrook,64,1589343232,86,52.35,-0.85,42.01,1.01,GB
397,reforma,6,1589343232,81,18.1,-91.02,78.82,5.64,MX
398,tullow,30,1589343233,83,52.8,-6.74,41.0,5.77,IE
399,juba,79,1589343233,93,4.85,31.58,71.65,4.43,SS
400,bilma,0,1589343233,16,18.69,12.92,76.98,5.32,NE
401,omboue,100,1589343234,92,-1.57,9.26,76.26,2.51,GA
402,itoman,75,1589343234,65,26.12,127.67,80.01,18.34,JP
403,chara,81,1589343235,61,56.91,118.26,41.49,10.13,RU
404,isangel,40,1589343235,57,-19.55,169.27,77.0,6.93,VU
405,wawa,0,1589343235,67,9.9,4.42,81.01,6.96,NG
406,brigantine,40,1589343235,45,39.41,-74.36,51.01,4.7,US
407,pierre,90,1589342965,65,44.37,-100.35,46.0,13.87,US
408,talnakh,0,1589343236,59,69.49,88.4,35.6,8.95,RU
409,concordia,61,1589343236,66,-31.39,-58.02,64.0,5.99,AR
410,tiruchchendur,53,1589343237,61,8.48,78.12,87.85,6.46,IN
411,vestmannaeyjar,60,1589343237,80,63.44,-20.27,42.55,23.2,IS
412,macae,42,1589343238,94,-22.37,-41.79,67.75,12.55,BR
413,chibombo,61,1589343238,66,-14.66,28.07,54.3,0.56,ZM
414,champerico,76,1589343239,70,14.3,-91.92,85.91,4.03,GT
415,sola,90,1589343239,94,-13.88,167.55,77.0,21.16,VU
416,novolugovoye,42,1589343239,47,54.98,83.11,69.8,2.24,RU
417,bubaque,100,1589343239,77,11.28,-15.83,78.12,12.88,GW
418,tecoanapa,5,1589343240,78,16.52,-98.75,79.95,5.08,MX
419,parangan,24,1589343240,72,5.08,119.94,84.88,2.3,PH
420,narsaq,100,1589343240,75,60.92,-46.05,48.2,3.36,GL
421,evensk,2,1589343240,93,61.95,159.23,34.12,3.69,RU
422,humaita,9,1589343241,95,-7.51,-63.02,74.8,1.72,BR
423,prince albert,90,1589343242,42,52.97,-108.38,48.2,6.93,CA
424,jiayuguan,100,1589343242,20,39.82,98.3,69.66,15.61,CN
425,pozo colorado,75,1589343242,100,22.45,-80.18,75.2,5.82,CU
426,alakurtti,0,1589343243,63,66.97,30.35,30.0,1.01,RU
427,banda aceh,28,1589343243,16,25.48,80.33,101.05,6.06,IN
428,komsomolskiy,100,1589343243,49,40.43,71.72,68.0,4.7,UZ
429,gombong,55,1589343243,64,-7.61,109.51,87.24,10.58,ID
430,necochea,25,1589343244,91,-38.55,-58.74,44.01,1.01,AR
431,nabire,25,1589343244,65,-3.37,135.48,87.69,4.9,ID
432,tuntum,42,1589343244,94,-5.26,-44.65,73.26,2.82,BR
433,french harbor,1,1589343245,34,46.29,-96.2,48.99,6.93,US
434,kumluca,0,1589343245,43,36.37,30.29,71.55,0.85,TR
435,temirtau,4,1589343246,50,50.05,72.95,68.0,6.71,KZ
436,husavik,75,1589343246,86,66.04,-17.34,35.6,3.36,IS
437,briceno,100,1589343247,83,7.11,-75.55,66.47,2.3,CO
438,gaurnadi,0,1589343247,38,22.97,90.23,95.97,7.31,BD
439,copiapo,67,1589343247,76,-27.37,-70.33,52.34,0.43,CL
440,marigot,20,1589343248,74,18.07,-63.08,80.01,14.0,MF
441,derzhavinsk,95,1589343248,73,51.1,66.32,65.62,3.6,KZ
442,motygino,97,1589343249,44,58.18,94.76,55.22,6.78,RU
443,esperance,79,1589343249,63,-33.87,121.9,64.76,9.13,AU
444,verkhoyansk,98,1589343249,70,67.54,133.38,39.52,6.51,RU
445,campoverde,33,1589343249,78,-8.48,-74.81,75.56,0.78,PE
446,pingshan,85,1589343250,81,22.99,114.71,78.48,8.25,CN
447,tura,1,1589343250,31,25.52,90.22,91.53,6.8,IN
448,dwarka,0,1589343250,74,22.24,68.97,84.81,12.86,IN
449,marrakesh,40,1589343064,82,31.63,-8.01,57.2,4.7,MA
450,olafsvik,100,1589343251,87,64.89,-23.71,41.92,11.65,IS
451,san-pedro,70,1589343251,93,4.75,-6.64,75.76,3.36,CI
452,campo verde,20,1589343251,87,41.19,-8.46,57.2,11.41,PT
453,hay river,1,1589343251,93,52.07,-3.13,37.0,3.47,GB
454,alzamay,100,1589343252,52,55.56,98.66,56.39,7.38,RU
455,miyako,23,1589343249,48,39.64,141.95,68.22,9.8,JP
456,piacabucu,47,1589343252,88,-10.41,-36.43,76.57,6.62,BR
457,pacific grove,100,1589343252,93,38.48,-90.74,48.99,4.9,US
458,egvekinot,83,1589343253,97,66.32,-179.17,31.59,9.93,RU
459,acari,88,1589343253,68,-15.43,-74.62,69.42,4.21,PE
460,pasighat,78,1589343253,52,28.07,95.33,85.59,2.3,IN
461,sur,0,1589343253,57,22.57,59.53,87.76,7.72,OM
462,pyaozerskiy,17,1589343254,88,65.83,31.17,33.49,2.89,RU
463,fortuna foothills,20,1589343255,81,40.6,-124.16,55.99,4.7,US
464,hervey bay,1,1589343255,87,33.5,-93.78,61.0,6.93,US
465,muisne,100,1589343255,84,0.6,-80.03,77.95,4.7,EC
466,quchan,97,1589343256,75,37.11,58.51,47.53,7.54,IR
467,soyo,80,1589343256,84,-6.13,12.37,78.91,4.83,AO
468,kashan,0,1589343256,27,33.98,51.44,67.03,5.21,IR
469,bilibino,0,1589343257,71,68.05,166.44,39.56,2.01,RU
470,mayo,1,1589343257,61,38.89,-76.51,53.6,5.82,US
471,kunming,40,1589343259,46,25.04,102.72,77.0,17.25,CN
472,batagay,99,1589343260,70,67.63,134.63,39.88,5.86,RU
473,iralaya,90,1589343260,81,15.0,-83.23,79.93,7.14,HN
474,mogadishu,75,1589343260,69,2.04,45.34,82.4,13.87,SO
475,udachnyy,90,1589343045,79,66.42,112.4,23.0,8.95,RU
476,sawakin,1,1589343261,43,19.11,37.33,82.42,4.88,SD
477,bandarbeyla,86,1589343261,78,9.49,50.81,83.7,11.41,SO
478,kandrian,76,1589343262,84,-6.22,149.55,81.57,11.77,PG
479,rafraf,75,1589343262,27,37.19,10.18,75.2,3.36,TN
480,acajutla,91,1589343090,96,13.59,-89.83,78.01,1.99,SV
481,north bend,36,1589343263,86,50.33,3.67,39.2,1.12,FR
482,cockburn town,3,1589343263,55,-32.08,141.0,63.19,12.91,AU
483,kimbe,57,1589343263,80,-5.55,150.14,83.39,1.25,PG
484,juegang,0,1589343264,39,32.32,121.19,82.0,1.01,CN
485,nome,90,1589343264,86,64.5,-165.41,39.0,15.01,US
486,deputatskiy,100,1589343264,99,69.3,139.9,28.63,3.96,RU
487,saint-francois,100,1589343265,81,46.42,3.91,48.2,4.7,FR
488,amapa,100,1589343265,98,1.0,-52.0,72.66,1.54,BR
489,casper,40,1589343265,76,42.87,-106.31,53.6,4.7,US
490,vila franca do campo,18,1589343266,93,42.03,-8.16,57.0,5.82,PT
491,paka,20,1589343266,83,4.64,103.44,84.0,3.0,MY
492,ahipara,100,1589343266,68,-35.17,173.17,64.26,11.63,NZ
493,sept-iles,90,1589343266,48,50.2,-66.38,39.2,6.93,CA
494,hirara,75,1589343267,74,24.8,125.28,75.6,19.98,JP
495,mao,100,1589343167,88,39.89,4.27,64.4,14.99,ES
496,atbasar,88,1589343267,53,51.8,68.33,71.53,6.64,KZ
497,middelkerke,20,1589343268,68,51.16,2.84,41.0,4.7,BE
498,ngunguru,100,1589343268,80,-35.62,174.5,64.99,7.0,NZ
499,solnechnyy,94,1589343268,71,50.72,136.63,53.65,5.19,RU
500,marfino,75,1589343269,80,55.7,37.38,39.99,17.9,RU
501,byron bay,1,1589343269,34,44.03,-92.65,50.0,6.93,US
502,panguna,100,1589343269,95,-6.32,155.48,75.09,0.96,PG
503,svetlaya,60,1589343270,67,46.54,138.33,52.48,4.97,RU
504,mandalgovi,72,1589343270,22,45.76,106.27,70.56,7.85,MN
505,san jose,100,1589343197,38,13.3,-4.9,88.09,3.98,ML
506,hohhot,94,1589343271,11,40.81,111.65,77.38,11.88,CN
507,tripoli,10,1589343271,37,32.88,13.19,76.19,15.66,LY
508,kendale lakes,20,1589343271,81,37.39,-77.46,53.6,2.28,US
509,kataysk,100,1589343272,51,56.29,62.58,64.11,6.6,RU
510,bose,97,1589343272,98,45.46,8.01,59.0,3.91,IT
511,sharlyk,89,1589343272,65,52.92,54.75,57.51,8.72,RU
512,kintinku,40,1589343272,93,-5.88,35.23,64.4,9.17,TZ
513,acapulco,20,1589343028,78,16.86,-99.89,79.3,5.95,MX
514,urambo,20,1589343273,91,-5.07,32.05,63.55,2.55,TZ
515,nizwa,0,1589343273,11,22.93,57.53,88.79,2.37,OM
516,kikerino,0,1589343274,86,59.47,29.63,35.6,6.71,RU
517,capaccio,53,1589343274,45,40.42,15.08,62.01,3.0,IT
518,tigil,23,1589343274,54,57.8,158.67,47.44,7.07,RU
519,luhyny,0,1589343275,77,51.08,28.4,38.44,7.36,UA
520,khudumelapye,1,1589343275,41,-23.88,24.75,54.88,4.56,BW
521,bull savanna,89,1589343276,92,6.2,-10.28,76.84,0.43,LR
522,barra do garcas,22,1589343276,75,-11.09,-43.14,74.64,9.98,BR
523,agadez,0,1589343276,16,19.75,10.25,77.68,5.99,NE
524,dingle,57,1589343277,53,11.0,122.67,92.07,6.22,PH
525,kidal,100,1589343277,32,18.44,1.41,84.63,6.78,ML
526,hailey,5,1589343277,49,43.52,-114.32,50.0,4.7,US
527,antigonish,99,1589343278,91,45.62,-62.0,36.0,3.0,CA
528,grand gaube,1,1589343278,11,38.88,-109.5,73.4,16.11,US
529,dobrinka,100,1589343278,84,52.17,40.47,42.69,17.96,RU
530,vanimo,79,1589343279,64,-2.67,141.3,86.7,5.46,PG
531,syasstroy,100,1589343154,79,60.14,32.57,38.88,9.64,RU
532,kerema,56,1589342986,79,-7.96,145.78,81.68,8.43,PG
533,nanakuli,90,1589343279,65,21.39,-158.15,78.8,6.93,US
534,bonfim,89,1589343280,82,3.08,-59.95,78.6,9.37,BR
535,manicore,19,1589343280,97,-5.81,-61.3,74.52,0.78,BR
536,gravdal,100,1589343280,85,68.12,13.5,33.82,13.96,NO
537,geraldton,100,1589343280,14,-28.77,114.6,82.4,25.28,AU
538,tautira,100,1589343281,70,-17.73,-149.15,84.2,11.41,PF
539,saint-pierre,36,1589343281,53,-21.34,55.48,71.6,8.05,RE
